<?xml version="1.0" encoding="UTF-8"?>
<ti:module xmlns:ti="http://ti.appcelerator.org" xmlns:android="http://schemas.android.com/apk/res/android">
	<android xmlns:android="http://schemas.android.com/apk/res/android">
		<!-- App must have this permission to use the library -->
		<manifest>
			<uses-permission android:name="android.permission.WAKE_LOCK" />
			<application>
				<receiver android:name="bencoding.alarmmanager.AlarmNotificationListener"></receiver>
				<receiver android:name="bencoding.alarmmanager.AlarmServiceListener"></receiver>
			</application>
		</manifest>
	</android>
	<mobileweb></mobileweb>
</ti:module>
